<?xml version="1.0" encoding="UTF-8" ?>

<!DOCTYPE mapper
        PUBLIC "-//mybatis.org//DTD Mapper 3.0//EN"
        "http://mybatis.org/dtd/mybatis-3-mapper.dtd">

<mapper namespace="com.gongji.blog.dao.mapper.ArticleMapper">
<!--还有点不熟的地方-->
    <resultMap id="articleMap" type="com.gongji.blog.dao.pojo.Article">
        <id column="id" property="id"/>
        <result column="author_id" property="authorId"/>
        <result column="comment_counts" property="commentCounts"/>
        <result column="create_date" property="createDate"/>
        <result column="summary" property="summary"/>
        <result column="title" property="title"/>
        <result column="view_counts" property="viewCounts"/>
        <result column="weight" property="weight"/>
        <result column="body_id" property="bodyId"/>
        <result column="category_id" property="categoryId"/>
    </resultMap>


    <select id="listArchices" resultType="com.gongji.blog.dao.dos.Archives">
        select year(FROM_UNIXTIME(create_date / 1000))  year,
               month(FROM_UNIXTIME(create_date / 1000)) month,
               count(*)                                 count
        from ms_article
        group by year, month;
    </select>


    <select id="listArticle" resultMap="articleMap">
        select * from ms_article
        <where>
            1 = 1
            <if test="categoryId != null">
                and category_id = #{categoryId}
            </if>
            <if test="year != null and year.length>0 and month != null and month.length>0">
                and ( FROM_UNIXTIME(create_date/1000,'%Y') = #{year} and FROM_UNIXTIME(create_date/1000,'%m') = #{month}
                )
            </if>
            <if test="tagId != null">
                and id in (select article_id from ms_article_tag where tag_id=#{tagId})
            </if>
        </where>
        order by weight desc, create_date desc
    </select>

</mapper>
      