<?xml version="1.0" encoding="UTF-8" ?>

<!DOCTYPE mapper
        PUBLIC "-//mybatis.org//DTD Mapper 3.0//EN"
        "http://mybatis.org/dtd/mybatis-3-mapper.dtd">

<mapper namespace="com.gongji.blog.dao.mapper.TagMapper">
    <select id="findTagsByArticleId" parameterType="long" resultType="com.gongji.blog.dao.pojo.Tag">
        select id, avatar, tag_name as tagName
        from ms_tag
        where id in (select tag_id from ms_article_tag where article_id = #{articleId});
    </select>

    <select id="findHotsTagIds" parameterType="int" resultType="java.lang.Long">
     select tag_id
        from ms_article_tag
        group by tag_id
        order by count(*) desc
        limit #{limit}
        ;
    </select>
    <select id="findTagsByTagIds" resultType="com.gongji.blog.dao.pojo.Tag" parameterType="list">
        select id,tag_name as tagName from ms_tag
        where id in
        <foreach collection="tagIds" item="tagId" open="(" close=")"
                 separator=",">
            #{tagId}
        </foreach>
    </select>
</mapper>
      